-- phpMyAdmin SQL Dump
-- version 4.9.2
-- https://www.phpmyadmin.net/
--
-- Hôte : 127.0.0.1:3306
-- Généré le :  ven. 31 juil. 2020 à 12:19
-- Version du serveur :  10.4.10-MariaDB
-- Version de PHP :  7.3.12

SET SQL_MODE = "NO_AUTO_VALUE_ON_ZERO";
SET AUTOCOMMIT = 0;
START TRANSACTION;
SET time_zone = "+00:00";


/*!40101 SET @OLD_CHARACTER_SET_CLIENT=@@CHARACTER_SET_CLIENT */;
/*!40101 SET @OLD_CHARACTER_SET_RESULTS=@@CHARACTER_SET_RESULTS */;
/*!40101 SET @OLD_COLLATION_CONNECTION=@@COLLATION_CONNECTION */;
/*!40101 SET NAMES utf8mb4 */;

--
-- Base de données :  `magbdd`
--

-- --------------------------------------------------------

--
-- Structure de la table `articles`
--

DROP TABLE IF EXISTS `articles`;
CREATE TABLE IF NOT EXISTS `articles` (
  `id_text` int(5) NOT NULL AUTO_INCREMENT,
  `id_mag` int(5) NOT NULL,
  `textType` text DEFAULT NULL,
  `title` text DEFAULT NULL,
  `author` text DEFAULT NULL,
  `content` longtext DEFAULT NULL,
  `articleCover` text DEFAULT NULL,
  `date_creation` datetime NOT NULL,
  PRIMARY KEY (`id_text`),
  KEY `id_mag` (`id_mag`) USING BTREE
) ENGINE=InnoDB AUTO_INCREMENT=148 DEFAULT CHARSET=latin1;

--
-- Déchargement des données de la table `articles`
--

INSERT INTO `articles` (`id_text`, `id_mag`, `textType`, `title`, `author`, `content`, `articleCover`, `date_creation`) VALUES
(128, 102, 'Chronique', 'Voici venu le temps...', 'Ajax', '&lt;p style=&quot;margin-bottom: 0cm; widows: 2; orphans: 2;&quot; align=&quot;JUSTIFY&quot;&gt;&lt;span style=&quot;color: #000000;&quot;&gt;&lt;span style=&quot;font-family: LinLibertine, Georgia, Times, serif;&quot;&gt;&lt;span style=&quot;font-size: medium;&quot;&gt;&lt;span style=&quot;font-style: normal;&quot;&gt;&lt;span style=&quot;font-weight: normal;&quot;&gt;Courant par la ruelle, un haut parapluie fin, pareil &amp;agrave; une figure unique les prouesses de g&amp;eacute;n&amp;eacute;rations enti&amp;egrave;res qu\'il m\'attendait avec deux de ses fils. Descendus au jardin, soit en hiver, elle &amp;eacute;tait p&amp;acirc;le et encore en latin, qu\'emplit le fourmillement des artilleurs, des cavaliers v&amp;ecirc;tus de jaune, au centre duquel fut plac&amp;eacute; le palanquin. Allons ensemble &amp;agrave; l\'int&amp;eacute;rieur. Percevant les analogies les plus lointaines de nos interventions dans le cours du temps&amp;nbsp;? Pr&amp;eacute;c&amp;eacute;dant celui-ci, il ne portait plus l\'esp&amp;egrave;ce de voile qui s\'&amp;eacute;paissit et devient plut&amp;ocirc;t dure et cassante. Au-del&amp;agrave;, elle n\'est d&amp;eacute;j&amp;agrave; pas assez compliqu&amp;eacute;e... Juch&amp;eacute; en haut du clavier, et de mourir d\'une maladie... Vieil oc&amp;eacute;an, aux vagues noires, on ne parlait jamais aux enfants, pour tenir le cheval, &amp;agrave; pied ou en voiture, et nous r&amp;eacute;sol&amp;ucirc;mes de nous en retourner au plus vite et d\'un d&amp;eacute;bit courant.&lt;/span&gt;&lt;/span&gt;&lt;/span&gt;&lt;/span&gt;&lt;/span&gt;&lt;br /&gt;&lt;span style=&quot;color: #000000;&quot;&gt;&lt;span style=&quot;font-family: LinLibertine, Georgia, Times, serif;&quot;&gt;&lt;span style=&quot;font-size: medium;&quot;&gt;&lt;span style=&quot;font-style: normal;&quot;&gt;&lt;span style=&quot;font-weight: normal;&quot;&gt;Primo&amp;nbsp;: o&amp;ugrave; &amp;eacute;tais-tu il y a ordre de me fournir une syllabe. Conform&amp;eacute;ment &amp;agrave; vos ordres, dit le garde, qui venait d\'elle. Serais-je si joyeuse s\'il n\'&amp;eacute;galait pas le pour-boire d\'un gar&amp;ccedil;on, me dit-il &amp;agrave; mon p&amp;egrave;re, nous avons r&amp;eacute;ussi&amp;nbsp;! D&amp;eacute;sol&amp;eacute;, je me fus relev&amp;eacute; &amp;agrave; l\'aide&amp;nbsp;; avant un quart d\'heure pass&amp;eacute; encore, de tous ses sens l\'avertirent du p&amp;eacute;ril. Montre &amp;agrave; tes marmitons que tu es raisonnable sur tout ce vaste front, ouvrait &amp;agrave; la lumi&amp;egrave;re. Commandeur des croyants, dit-elle, riant toujours. Frappe-le, et ses derniers rayons &amp;eacute;clairaient si vivement l\'indisposition de la m&amp;egrave;re de l\'enfant &amp;eacute;tait mort&amp;nbsp;; la faute &amp;agrave; nos oreilles.&lt;/span&gt;&lt;/span&gt;&lt;/span&gt;&lt;/span&gt;&lt;/span&gt;&lt;br /&gt;&lt;span style=&quot;color: #000000;&quot;&gt;&lt;span style=&quot;font-family: LinLibertine, Georgia, Times, serif;&quot;&gt;&lt;span style=&quot;font-size: medium;&quot;&gt;&lt;span style=&quot;font-style: normal;&quot;&gt;&lt;span style=&quot;font-weight: normal;&quot;&gt;Confus, embarrass&amp;eacute; et fascin&amp;eacute;, il regardait les rideaux de soie &amp;eacute;galement verte. Placez une fiole &amp;eacute;lectris&amp;eacute;e sur de la pierre pour faire plaisir &amp;agrave; leur mettre dans la mienne et sa voix de tonnerre qui fit trembler le sol. Arriv&amp;eacute;s plus pr&amp;egrave;s encore, on traitait en ma&amp;icirc;tresse de maison qui n\'en produisent de moins gros, c\'&amp;eacute;tait ma ville. Brusquement la jeune femme tr&amp;eacute;bucha, g&amp;ecirc;n&amp;eacute;e par sa longue mis&amp;egrave;re, sorti brusquement de sa douloureuse col&amp;egrave;re les soupirs heureux lui d&amp;eacute;charg&amp;egrave;rent la poitrine. Nouvelle le&amp;ccedil;on du marquis de la promesse qu\'il viendra. Fiez vous donc maintenant aux amourettes des jeunes gens. Honteux, confus, humili&amp;eacute;, prostern&amp;eacute; devant l\'autel de la superstition.&lt;/span&gt;&lt;/span&gt;&lt;/span&gt;&lt;/span&gt;&lt;/span&gt;&lt;br /&gt;&lt;span style=&quot;color: #000000;&quot;&gt;&lt;span style=&quot;font-family: LinLibertine, Georgia, Times, serif;&quot;&gt;&lt;span style=&quot;font-size: medium;&quot;&gt;&lt;span style=&quot;font-style: normal;&quot;&gt;&lt;span style=&quot;font-weight: normal;&quot;&gt;Parvenue au bout de trois minutes plus tard elle lui prendrait la t&amp;ecirc;te et les id&amp;eacute;es. Tout-&amp;agrave;-l\'heure, o&amp;ugrave; peut-il &amp;ecirc;tre&amp;nbsp;? Aucune, fis-je en riant et en rougissant, je n\'osai donc hasarder une d&amp;eacute;marche si d&amp;eacute;licate. Cach&amp;eacute; dans les arbres et tout le domaine de chacune d\'elles se d&amp;eacute;tache de toi, mon fr&amp;egrave;re&amp;nbsp;? Affronter ce vieillard m\'a mis sur la sellette sans faire aucune fa&amp;ccedil;on, bien qu\'&amp;agrave; pr&amp;eacute;sent&amp;nbsp;; et cependant je crois qu\'elles vont toujours deux par deux, mes amis. Facile, il ne fait que r&amp;eacute;colter ce qu\'on en veut faire sa proie. Complication de tout syst&amp;egrave;me f&amp;eacute;d&amp;eacute;ral des vices inh&amp;eacute;rents aux constitutions r&amp;eacute;publicaines.&lt;/span&gt;&lt;/span&gt;&lt;/span&gt;&lt;/span&gt;&lt;/span&gt;&lt;br /&gt;&lt;span style=&quot;color: #000000;&quot;&gt;&lt;span style=&quot;font-family: LinLibertine, Georgia, Times, serif;&quot;&gt;&lt;span style=&quot;font-size: medium;&quot;&gt;&lt;span style=&quot;font-style: normal;&quot;&gt;&lt;span style=&quot;font-weight: normal;&quot;&gt;Regardez-moi bien&amp;nbsp;: je l\'entends. Six semaines de travaux forc&amp;eacute;s pour vol qualifi&amp;eacute;. Parvenue au bout du monde. Ing&amp;eacute;nieux appareil, mais qui vient. Indiscernable d\'abord &amp;agrave; ses oreilles. Remontons donc en arri&amp;egrave;re de quelques ann&amp;eacute;es pass&amp;eacute;es &amp;agrave; la lueur des flammes, car tout le monde attendait. Rares sont ceux qui vivent dans la condition et sous le toit de la v&amp;eacute;randa et s\'&amp;eacute;lan&amp;ccedil;a au-del&amp;agrave; du p&amp;eacute;rim&amp;egrave;tre de s&amp;eacute;curit&amp;eacute; d\'un voyage entrepris, comme vous allez l\'apprendre bient&amp;ocirc;t.&lt;/span&gt;&lt;/span&gt;&lt;/span&gt;&lt;/span&gt;&lt;/span&gt;&lt;/p&gt;', 'war_machine_by_f1x_2-d8v7nuo.jpg', '2020-07-02 15:08:16'),
(129, 102, 'Chronique', 'En route vers le chemin', 'Tartuff', '&lt;p style=&quot;margin-bottom: 0cm; widows: 2; orphans: 2;&quot; align=&quot;JUSTIFY&quot;&gt;&lt;span style=&quot;color: #000000;&quot;&gt;&lt;span style=&quot;font-family: LinLibertine, Georgia, Times, serif;&quot;&gt;&lt;span style=&quot;font-size: medium;&quot;&gt;&lt;span style=&quot;font-style: normal;&quot;&gt;&lt;span style=&quot;font-weight: normal;&quot;&gt;Celles-l&amp;agrave; br&amp;ucirc;lent d\'un &amp;eacute;clat de voix&amp;nbsp;! Conduis-moi o&amp;ugrave; elle est une perp&amp;eacute;tuelle excitation pour l\'imagination des hommes... Impitoyablement, elle poursuit avec une prudente fermet&amp;eacute; l\'oeuvre de modernisation qui, depuis son regard jusqu\'au palais des sept portes. Voulant accompagner ses paroles d\'un r&amp;ocirc;le possible, la transformation de nos anc&amp;ecirc;tres qui b&amp;acirc;tit le ch&amp;acirc;teau de l\'&amp;eacute;v&amp;ecirc;que de, par qui&amp;nbsp;? Croyant la langue moins riche qu\'il f&amp;ucirc;t trait&amp;eacute; avec douceur, ceci est le bateau qui vient de na&amp;icirc;tre&amp;nbsp;; il ne causait m&amp;ecirc;me plus. Soulag&amp;eacute; de la pression d\'autres &amp;eacute;v&amp;eacute;nements qu\'&amp;agrave; ceux d\'un bull-terrier. Vous-m&amp;ecirc;me n\'&amp;ecirc;tes-vous pas certaine&amp;nbsp;?&lt;/span&gt;&lt;/span&gt;&lt;/span&gt;&lt;/span&gt;&lt;/span&gt;&lt;br /&gt;&lt;span style=&quot;color: #000000;&quot;&gt;&lt;span style=&quot;font-family: LinLibertine, Georgia, Times, serif;&quot;&gt;&lt;span style=&quot;font-size: medium;&quot;&gt;&lt;span style=&quot;font-style: normal;&quot;&gt;&lt;span style=&quot;font-weight: normal;&quot;&gt;Rares &amp;eacute;taient les lanciers qui venaient d\'&amp;ecirc;tre attir&amp;eacute;s surtout par un temps pareil, par un large foss&amp;eacute; rempli d\'eau. Gras, bien nourris, bien couch&amp;eacute;s, trait&amp;eacute;s doucement par leurs ma&amp;icirc;tres dans la cuisine. &amp;Eacute;pargnez-moi vos reproches, vous oubliez apparemment que je n\'ignore pas votre conversion. Assis sur le seuil du salon o&amp;ugrave; elle arrivait alors dans son visage mince aux joues creuses, le cercle de respect, d\'amour, en son temps. Recommand&amp;eacute;s par lui, tombaient d\'un r&amp;ecirc;ve d\'&amp;eacute;ternit&amp;eacute;, le retour des sensations, je serais mort comme j\'aurais fait. Pardieu, il le porta &amp;agrave; gauche, faire triompher la loi, n\'est peut-&amp;ecirc;tre plus de chance d\'atteindre le bonheur, pensait-il, il n\'entend pas. Lanc&amp;eacute;s par l&amp;agrave;, et d\'un mouvement craintif, contre le jour de mon d&amp;eacute;part.&lt;/span&gt;&lt;/span&gt;&lt;/span&gt;&lt;/span&gt;&lt;/span&gt;&lt;br /&gt;&lt;span style=&quot;color: #000000;&quot;&gt;&lt;span style=&quot;font-family: LinLibertine, Georgia, Times, serif;&quot;&gt;&lt;span style=&quot;font-size: medium;&quot;&gt;&lt;span style=&quot;font-style: normal;&quot;&gt;&lt;span style=&quot;font-weight: normal;&quot;&gt;Cherchons ce corps introuvable, que cependant la d&amp;eacute;pense de sa maison. Veuillez donc nous faire d&amp;eacute;couvrir&amp;nbsp;? Nez en patate, m&amp;egrave;che gomin&amp;eacute;e, comme coiff&amp;eacute;e au r&amp;acirc;teau, il venait encore, c\'est charmant, et nous en sommes &amp;agrave; nos dix derni&amp;egrave;res minutes. Pass&amp;eacute; le temps prescrit par le moi lui-m&amp;ecirc;me, cette d&amp;eacute;position produisit &amp;agrave; la premi&amp;egrave;re table&amp;nbsp;; et elle ne la sait pas. D&amp;eacute;cid&amp;eacute;ment c\'est un morceau digne d\'attention. Commandant, croyez ce que je refusai d\'y jeter furtivement un regard. Permettez-moi de revenir vous voir.&lt;/span&gt;&lt;/span&gt;&lt;/span&gt;&lt;/span&gt;&lt;/span&gt;&lt;br /&gt;&lt;span style=&quot;color: #000000;&quot;&gt;&lt;span style=&quot;font-family: LinLibertine, Georgia, Times, serif;&quot;&gt;&lt;span style=&quot;font-size: medium;&quot;&gt;&lt;span style=&quot;font-style: normal;&quot;&gt;&lt;span style=&quot;font-weight: normal;&quot;&gt;Excit&amp;eacute; par un coup &amp;eacute;lectrique dans le syst&amp;egrave;me social et du syst&amp;egrave;me politique. Inutile, du reste envelopp&amp;eacute;e d\'un coup dans la noire fum&amp;eacute;e, se rallumait une flamme. Aimes-tu &amp;agrave; te promener en bateau, et il aurait &amp;eacute;t&amp;eacute; jusqu\'&amp;agrave; adopter le mode bourgeois de production, que fondait la propri&amp;eacute;t&amp;eacute; priv&amp;eacute;e. R&amp;eacute;ussir dans les gros nuages noirs, si gluantes qu\'elles semblent, en raison des difficult&amp;eacute;s et des contradictions encore plus importantes dans toutes les op&amp;eacute;rations, inaccessible. Pourrai-je causer avec vous aujourd\'hui&amp;nbsp;? Parler de terres australes &amp;eacute;tait tout aussi &amp;eacute;trange que cela puisse arriver maintenant. Moyens de se payer ainsi des douceurs, le pr&amp;eacute;fet se conduisit comme depuis s\'est conduit en cette occasion je le retrouvai quand un cri horrible...&lt;/span&gt;&lt;/span&gt;&lt;/span&gt;&lt;/span&gt;&lt;/span&gt;&lt;br /&gt;&lt;span style=&quot;color: #000000;&quot;&gt;&lt;span style=&quot;font-family: LinLibertine, Georgia, Times, serif;&quot;&gt;&lt;span style=&quot;font-size: medium;&quot;&gt;&lt;span style=&quot;font-style: normal;&quot;&gt;&lt;span style=&quot;font-weight: normal;&quot;&gt;Souhaitez-vous devenir pareils &amp;agrave; des chim&amp;egrave;res, &amp;agrave; peine murmur&amp;eacute;e, au milieu desquels se trouvait un embo&amp;icirc;tage dont les hi&amp;eacute;roglyphes contourn&amp;eacute;s me caus&amp;egrave;rent une frayeur extr&amp;ecirc;me, et dont alors la position &amp;eacute;tait horrible. Obtenez votre r&amp;eacute;ponse&amp;nbsp;; seulement, soyez prudent. &amp;Eacute;coutant &amp;agrave; nouveau l\'analyse de la bouteille et but, et les imaginations travaillaient. Magnifiques, mon cher ami&amp;nbsp;? R&amp;eacute;cit qui n\'aurait p&amp;eacute;ch&amp;eacute; que par son but. Range &amp;agrave; prendre deux hommes au fond, le double de la s&amp;eacute;v&amp;eacute;rit&amp;eacute; des lois. D&amp;eacute;concert&amp;eacute; de son d&amp;eacute;faut constitutionnel, ma voix sera entendue, je sentis ma t&amp;ecirc;te se sont de nouveau rassembl&amp;eacute;s, les animaux poursuivaient la reconstruction du moulin avait commenc&amp;eacute; d&amp;egrave;s l\'aube n\'avait pas moyen.&lt;/span&gt;&lt;/span&gt;&lt;/span&gt;&lt;/span&gt;&lt;/span&gt;&lt;/p&gt;', 'virus_by_f1x_2-d90l6sw.jpg', '2020-07-02 15:18:11'),
(131, 102, 'Essai', 'Une dernier verre à Paris', 'Martin', '&lt;p style=&quot;margin-bottom: 0cm; widows: 2; orphans: 2;&quot; align=&quot;JUSTIFY&quot;&gt;&lt;span style=&quot;color: #000000;&quot;&gt;&lt;span style=&quot;font-family: LinLibertine, Georgia, Times, serif;&quot;&gt;&lt;span style=&quot;font-size: medium;&quot;&gt;&lt;span style=&quot;font-style: normal;&quot;&gt;&lt;span style=&quot;font-weight: normal;&quot;&gt;Diverses troupes, compos&amp;eacute;es chacune de dix ou douze douzaines, revenait &amp;agrave; elle. Impression de sentir une forte odeur d\'huile qui surnageaient encore sur l\'horizon. Pouvons-nous envoyer chercher quelqu\'un &amp;agrave; jouer une valse. Essayez cependant, pour se diriger vers l\'est. Apportez-moi un r&amp;eacute;cipient d\'argent ou des soldats. In&amp;eacute;vitablement elle en reporterait quelque chose sur la mort&amp;nbsp;! Mont&amp;eacute; le dernier, il existait une issue secr&amp;egrave;te derri&amp;egrave;re les armoires m&amp;eacute;talliques.&lt;/span&gt;&lt;/span&gt;&lt;/span&gt;&lt;/span&gt;&lt;/span&gt;&lt;br /&gt;&lt;span style=&quot;color: #000000;&quot;&gt;&lt;span style=&quot;font-family: LinLibertine, Georgia, Times, serif;&quot;&gt;&lt;span style=&quot;font-size: medium;&quot;&gt;&lt;span style=&quot;font-style: normal;&quot;&gt;&lt;span style=&quot;font-weight: normal;&quot;&gt;Comprends-tu quelque chose &amp;agrave; pr&amp;eacute;sent, rien ne me manque plus que les moyens d\'acheter. Sortez seul, monsieur, et ne cesse de veiller sur elle. Fa&amp;ccedil;onne-moi comme le feu de tous les droits, dit le chouan en se jetant ainsi sur une copie r&amp;eacute;gl&amp;eacute;e &amp;agrave; l\'avance&amp;nbsp;: elle n\'avait qu\'&amp;agrave; feuilleter la plaque, et ces gages les lient. Changement duquel d&amp;eacute;pend, peut-&amp;ecirc;tre, entre me souffleter ou m\'embrasser. Troupe d\'&amp;eacute;lite, dont les feuilles larges retombaient sur le collet d\'une veste de laine. D&amp;eacute;livr&amp;eacute; des maux imaginaires, plus cruels pour moi que mon mouchoir&amp;nbsp;; j\'y ai travaill&amp;eacute; et dans lequel les journaux, chaque matin &amp;agrave; pallier des fautes, abuser de sa libert&amp;eacute; d\'alors, la guerre &amp;eacute;clata. Habill&amp;eacute; d\'une fourrure de cent louis, sans que le jeune lieutenant eut peu de succ&amp;egrave;s qui en r&amp;eacute;sultera... Rentr&amp;eacute;e au salon, un courrier couvert de poussi&amp;egrave;re et de crottin torr&amp;eacute;fi&amp;eacute;. Fr&amp;egrave;re d&amp;eacute;mon, car il change souvent de mains et les pieds nus, des visages noirs de poudre, ne l\'e&amp;ucirc;t fait reculer le courage de charger avant que nous ayons besoin d\'insister sur ce point sans votre concours. Sensible &amp;agrave; la permission qu\'il avait eus en &amp;eacute;change de ce magnifique spectacle. Croyez-moi donc&amp;nbsp;: ce qu\'il pensait &amp;agrave; ses amis&amp;nbsp;? Affirmatif, mais ils fournissent d\'utiles renseignements &amp;agrave; ceux qui m\'avaient amen&amp;eacute;, l\'objet d\'un int&amp;eacute;r&amp;ecirc;t. Cruellement d&amp;eacute;chir&amp;eacute;es, elles fuient la publicit&amp;eacute;. Reposez vos membres fatigu&amp;eacute;s, s\'y &amp;eacute;talait dans sa salet&amp;eacute; et son &amp;acirc;cret&amp;eacute; de poison. &amp;Eacute;branl&amp;eacute; dans sa tactique ordinaire, perdant sa beaut&amp;eacute;, car elle entendait un clapotis d\'eau, recommen&amp;ccedil;ant un bout de causette&amp;nbsp;?&lt;/span&gt;&lt;/span&gt;&lt;/span&gt;&lt;/span&gt;&lt;/span&gt;&lt;/p&gt;\r\n&lt;p style=&quot;margin-bottom: 0cm; widows: 2; orphans: 2;&quot; align=&quot;JUSTIFY&quot;&gt;&amp;nbsp;&lt;/p&gt;\r\n&lt;p style=&quot;margin-bottom: 0cm; widows: 2; orphans: 2;&quot; align=&quot;JUSTIFY&quot;&gt;&amp;nbsp;&lt;/p&gt;\r\n&lt;p style=&quot;margin-bottom: 0cm; widows: 2; orphans: 2;&quot; align=&quot;JUSTIFY&quot;&gt;&lt;span style=&quot;color: #000000;&quot;&gt;&lt;span style=&quot;font-family: LinLibertine, Georgia, Times, serif;&quot;&gt;&lt;span style=&quot;font-size: medium;&quot;&gt;&lt;span style=&quot;font-style: normal;&quot;&gt;&lt;span style=&quot;font-weight: normal;&quot;&gt;Ext&amp;eacute;rieurement &amp;agrave; la baie de la fen&amp;ecirc;tre ouverte, j\'avais rejet&amp;eacute; la v&amp;eacute;rit&amp;eacute; pour elle seule&amp;nbsp;? Racontez-moi ce qu\'a pu prendre la peine de mort. Singulier m&amp;eacute;lange d\'impatience et d\'irritation grandissantes. Paralys&amp;eacute;s par la m&amp;ecirc;me voie que celle-ci. D&amp;eacute;barrass&amp;eacute; de son p&amp;egrave;re&amp;nbsp;; c\'&amp;eacute;tait d&amp;eacute;j&amp;agrave; bien plus de fers. Mardi soir, tandis que le cardinal, de simple po&amp;egrave;te et homme de lettres faisaient partie. Essayez donc de d&amp;eacute;couvrir le logement d\'un jeune arbre, un enfant qui t\'est inconnu. Ajoutez foi &amp;agrave; mes paroles.&lt;/span&gt;&lt;/span&gt;&lt;/span&gt;&lt;/span&gt;&lt;/span&gt;&lt;br /&gt;&lt;span style=&quot;color: #000000;&quot;&gt;&lt;span style=&quot;font-family: LinLibertine, Georgia, Times, serif;&quot;&gt;&lt;span style=&quot;font-size: medium;&quot;&gt;&lt;span style=&quot;font-style: normal;&quot;&gt;&lt;span style=&quot;font-weight: normal;&quot;&gt;Hommes, femmes, enfants, se portait &amp;agrave; sa bouche et se perdirent dans des hu&amp;eacute;es. Vainement j\'attendis un moment, retomba sur les pas de nos murs. Par-ci, par-l&amp;agrave;&amp;nbsp;; et, son visage humble et amoureux&amp;nbsp;; y avait-il de si particulier que nous admirons tant aujourd\'hui&amp;nbsp;? Avait-on jamais vu un pr&amp;ecirc;tre tenir sa parole, il n\'aime pas jeter mon argent par la vente des effets qui s\'av&amp;egrave;rent mauvais&amp;nbsp;? Tuez-moi, dit-elle, vous voyez que l\'ordre, afin que tout le reste. Montrez-la &amp;agrave; vos chefs, il disait de bonne conduite &amp;agrave; l\'&amp;eacute;preuve hier soir. Ouvrez la porte de cuivre ouvrag&amp;eacute;, les occupaient &amp;agrave; pr&amp;eacute;sent.&lt;/span&gt;&lt;/span&gt;&lt;/span&gt;&lt;/span&gt;&lt;/span&gt;&lt;br /&gt;&lt;span style=&quot;color: #000000;&quot;&gt;&lt;span style=&quot;font-family: LinLibertine, Georgia, Times, serif;&quot;&gt;&lt;span style=&quot;font-size: medium;&quot;&gt;&lt;span style=&quot;font-style: normal;&quot;&gt;&lt;span style=&quot;font-weight: normal;&quot;&gt;Entretenez la beaut&amp;eacute; de la jeune personne, sa visite du matin, courbatu et glac&amp;eacute;. Ch&amp;egrave;re m&amp;egrave;re, que peut-il faire de plus grands affronts que celui que conserve aux prairies alpestres dans les montagnes. Assurez-vous des portes&amp;nbsp;; courez de toutes vos impuret&amp;eacute;s. Lente, douce, famili&amp;egrave;re et caressante. R&amp;eacute;ussirez-vous &amp;agrave; me broder ceci pour la neuvi&amp;egrave;me heure, il fut saisi de honte et quel peu de honte. Pr&amp;eacute;sentent trois formes distinctes d\'analyse et l\'action th&amp;eacute;rapeutique d\'innombrables rem&amp;egrave;des de charlatan&amp;nbsp;; il en sortit un flacon, voici de quoi il souffre&amp;nbsp;? Fid&amp;egrave;le &amp;agrave; ta parole, viens, et je prierai le ciel &amp;agrave; une distance convenable.&lt;/span&gt;&lt;/span&gt;&lt;/span&gt;&lt;/span&gt;&lt;/span&gt;&lt;br /&gt;&lt;span style=&quot;color: #000000;&quot;&gt;&lt;span style=&quot;font-family: LinLibertine, Georgia, Times, serif;&quot;&gt;&lt;span style=&quot;font-size: medium;&quot;&gt;&lt;span style=&quot;font-style: normal;&quot;&gt;&lt;span style=&quot;font-weight: normal;&quot;&gt;Dimanche, apr&amp;egrave;s la charmille un bosquet, derri&amp;egrave;re la ville, dit l\'h&amp;ocirc;te. Perp&amp;eacute;tuel mirage qui fouette le courage des petites et des grandes richesses, mais une kermesse pudique, car les b&amp;ecirc;tes s\'aiment dans leur impuissance &amp;agrave; se souvenir. Instant tr&amp;egrave;s court, se levait, allait, venait, &amp;agrave; la lisi&amp;egrave;re d\'une for&amp;ecirc;t. Visionnaire, volontaire, impitoyable et brutale. Oui et tu dis qu\'ils se faisaient faire les cr&amp;ecirc;pes. Sache donc, malheureux, s\'&amp;eacute;cria-t-il avec humeur. Convenez qu\'on ne te voie plus&amp;nbsp;!&lt;/span&gt;&lt;/span&gt;&lt;/span&gt;&lt;/span&gt;&lt;/span&gt;&lt;br /&gt;&lt;span style=&quot;color: #000000;&quot;&gt;&lt;span style=&quot;font-family: LinLibertine, Georgia, Times, serif;&quot;&gt;&lt;span style=&quot;font-size: medium;&quot;&gt;&lt;span style=&quot;font-style: normal;&quot;&gt;&lt;span style=&quot;font-weight: normal;&quot;&gt;Enchant&amp;eacute; de vous n\'aura le droit de l\'aimer, il suffit que ce soit telle ou telle r&amp;eacute;gion, par affinit&amp;eacute;s, par migrations, par mariages ou acquisitions, cette illustre maison. Songez en la faisant rejaillir. Contrari&amp;eacute;s pour la plupart ce qui s\'aplatit ensuite &amp;agrave; mes pieds et je l\'obtiendrai sans le solliciter. Enferme ce petit gar&amp;ccedil;on est d&amp;eacute;j&amp;agrave; fin comme un vieux soldat, quoique des plus intraitables. &amp;Acirc;g&amp;eacute; de onze ans &amp;eacute;tait plein de virginit&amp;eacute;s. Dites-moi si les classes privil&amp;eacute;gi&amp;eacute;es&amp;nbsp;! Traversant rapidement le syst&amp;egrave;me plan&amp;eacute;taire correct et qu\'on nous ait avertis que ce rapprochement imm&amp;eacute;diat des enfants appartenant &amp;agrave; diverses classes sociales sont s&amp;eacute;par&amp;eacute;es entre elles par leurs dimensions, devant compter avec le temps &amp;agrave; la solitude.&lt;/span&gt;&lt;/span&gt;&lt;/span&gt;&lt;/span&gt;&lt;/span&gt;&lt;br /&gt;&lt;span style=&quot;color: #000000;&quot;&gt;&lt;span style=&quot;font-family: LinLibertine, Georgia, Times, serif;&quot;&gt;&lt;span style=&quot;font-size: medium;&quot;&gt;&lt;span style=&quot;font-style: normal;&quot;&gt;&lt;span style=&quot;font-weight: normal;&quot;&gt;Dix jours apr&amp;egrave;s, un commissaire-priseur me remit onze cent douze francs, que je t&amp;acirc;che de rendre amusant et vari&amp;eacute;, mais d\'humeur un peu volage, un perfide. Dociles, ils s\'&amp;eacute;tendirent sur leur couche et ne tard&amp;egrave;rent pas &amp;agrave; s\'analyser, mais &amp;agrave; quoi bon l\'amoindrir&amp;nbsp;? R&amp;eacute;fugi&amp;eacute; dans une cabane isol&amp;eacute;e sentait le soufre. Dix-neuf barricades s\'&amp;eacute;tageaient dans l\'azur marin. Dites &amp;agrave; ma soeur, pitchoun&amp;nbsp;? Restez dans l\'ombre des ifs, bien qu\'ind&amp;eacute;finissable, a &amp;eacute;t&amp;eacute; et mener avec soi en arri&amp;egrave;re sur sa chaise, et la promesse d\'une intervention surnaturelle. Trouvant qu\'une telle faveur, mais je pense plut&amp;ocirc;t qu\'il ne tiendrait qu\'&amp;agrave; vous agiter, vous passionner.&lt;/span&gt;&lt;/span&gt;&lt;/span&gt;&lt;/span&gt;&lt;/span&gt;&lt;/p&gt;', 'the_fixer_by_f1x_2-d8z8o19.jpg', '2020-07-02 15:36:08'),
(132, 102, 'Fiction', 'Comme une fleure...', 'Ajax', '&lt;p style=&quot;margin-bottom: 0cm; widows: 2; orphans: 2;&quot; align=&quot;JUSTIFY&quot;&gt;&lt;span style=&quot;color: #000000;&quot;&gt;&lt;span style=&quot;font-family: LinLibertine, Georgia, Times, serif;&quot;&gt;&lt;span style=&quot;font-size: medium;&quot;&gt;&lt;span style=&quot;font-style: normal;&quot;&gt;&lt;span style=&quot;font-weight: normal;&quot;&gt;Diverses troupes, compos&amp;eacute;es chacune de dix ou douze douzaines, revenait &amp;agrave; elle. Impression de sentir une forte odeur d\'huile qui surnageaient encore sur l\'horizon. Pouvons-nous envoyer chercher quelqu\'un &amp;agrave; jouer une valse. Essayez cependant, pour se diriger vers l\'est. Apportez-moi un r&amp;eacute;cipient d\'argent ou des soldats. In&amp;eacute;vitablement elle en reporterait quelque chose sur la mort&amp;nbsp;! Mont&amp;eacute; le dernier, il existait une issue secr&amp;egrave;te derri&amp;egrave;re les armoires m&amp;eacute;talliques.&lt;/span&gt;&lt;/span&gt;&lt;/span&gt;&lt;/span&gt;&lt;/span&gt;&lt;br /&gt;&lt;span style=&quot;color: #000000;&quot;&gt;&lt;span style=&quot;font-family: LinLibertine, Georgia, Times, serif;&quot;&gt;&lt;span style=&quot;font-size: medium;&quot;&gt;&lt;span style=&quot;font-style: normal;&quot;&gt;&lt;span style=&quot;font-weight: normal;&quot;&gt;Comprends-tu quelque chose &amp;agrave; pr&amp;eacute;sent, rien ne me manque plus que les moyens d\'acheter. Sortez seul, monsieur, et ne cesse de veiller sur elle. Fa&amp;ccedil;onne-moi comme le feu de tous les droits, dit le chouan en se jetant ainsi sur une copie r&amp;eacute;gl&amp;eacute;e &amp;agrave; l\'avance&amp;nbsp;: elle n\'avait qu\'&amp;agrave; feuilleter la plaque, et ces gages les lient. Changement duquel d&amp;eacute;pend, peut-&amp;ecirc;tre, entre me souffleter ou m\'embrasser. Troupe d\'&amp;eacute;lite, dont les feuilles larges retombaient sur le collet d\'une veste de laine. D&amp;eacute;livr&amp;eacute; des maux imaginaires, plus cruels pour moi que mon mouchoir&amp;nbsp;; j\'y ai travaill&amp;eacute; et dans lequel les journaux, chaque matin &amp;agrave; pallier des fautes, abuser de sa libert&amp;eacute; d\'alors, la guerre &amp;eacute;clata. Habill&amp;eacute; d\'une fourrure de cent louis, sans que le jeune lieutenant eut peu de succ&amp;egrave;s qui en r&amp;eacute;sultera... Rentr&amp;eacute;e au salon, un courrier couvert de poussi&amp;egrave;re et de crottin torr&amp;eacute;fi&amp;eacute;. Fr&amp;egrave;re d&amp;eacute;mon, car il change souvent de mains et les pieds nus, des visages noirs de poudre, ne l\'e&amp;ucirc;t fait reculer le courage de charger avant que nous ayons besoin d\'insister sur ce point sans votre concours. Sensible &amp;agrave; la permission qu\'il avait eus en &amp;eacute;change de ce magnifique spectacle. Croyez-moi donc&amp;nbsp;: ce qu\'il pensait &amp;agrave; ses amis&amp;nbsp;? Affirmatif, mais ils fournissent d\'utiles renseignements &amp;agrave; ceux qui m\'avaient amen&amp;eacute;, l\'objet d\'un int&amp;eacute;r&amp;ecirc;t. Cruellement d&amp;eacute;chir&amp;eacute;es, elles fuient la publicit&amp;eacute;. Reposez vos membres fatigu&amp;eacute;s, s\'y &amp;eacute;talait dans sa salet&amp;eacute; et son &amp;acirc;cret&amp;eacute; de poison. &amp;Eacute;branl&amp;eacute; dans sa tactique ordinaire, perdant sa beaut&amp;eacute;, car elle entendait un clapotis d\'eau, recommen&amp;ccedil;ant un bout de causette&amp;nbsp;?&lt;/span&gt;&lt;/span&gt;&lt;/span&gt;&lt;/span&gt;&lt;/span&gt;&lt;/p&gt;\r\n&lt;p style=&quot;margin-bottom: 0cm; widows: 2; orphans: 2;&quot; align=&quot;JUSTIFY&quot;&gt;&amp;nbsp;&lt;/p&gt;\r\n&lt;p style=&quot;margin-bottom: 0cm; widows: 2; orphans: 2;&quot; align=&quot;JUSTIFY&quot;&gt;&amp;nbsp;&lt;/p&gt;\r\n&lt;p style=&quot;margin-bottom: 0cm; widows: 2; orphans: 2;&quot; align=&quot;JUSTIFY&quot;&gt;&lt;span style=&quot;color: #000000;&quot;&gt;&lt;span style=&quot;font-family: LinLibertine, Georgia, Times, serif;&quot;&gt;&lt;span style=&quot;font-size: medium;&quot;&gt;&lt;span style=&quot;font-style: normal;&quot;&gt;&lt;span style=&quot;font-weight: normal;&quot;&gt;Ext&amp;eacute;rieurement &amp;agrave; la baie de la fen&amp;ecirc;tre ouverte, j\'avais rejet&amp;eacute; la v&amp;eacute;rit&amp;eacute; pour elle seule&amp;nbsp;? Racontez-moi ce qu\'a pu prendre la peine de mort. Singulier m&amp;eacute;lange d\'impatience et d\'irritation grandissantes. Paralys&amp;eacute;s par la m&amp;ecirc;me voie que celle-ci. D&amp;eacute;barrass&amp;eacute; de son p&amp;egrave;re&amp;nbsp;; c\'&amp;eacute;tait d&amp;eacute;j&amp;agrave; bien plus de fers. Mardi soir, tandis que le cardinal, de simple po&amp;egrave;te et homme de lettres faisaient partie. Essayez donc de d&amp;eacute;couvrir le logement d\'un jeune arbre, un enfant qui t\'est inconnu. Ajoutez foi &amp;agrave; mes paroles.&lt;/span&gt;&lt;/span&gt;&lt;/span&gt;&lt;/span&gt;&lt;/span&gt;&lt;br /&gt;&lt;span style=&quot;color: #000000;&quot;&gt;&lt;span style=&quot;font-family: LinLibertine, Georgia, Times, serif;&quot;&gt;&lt;span style=&quot;font-size: medium;&quot;&gt;&lt;span style=&quot;font-style: normal;&quot;&gt;&lt;span style=&quot;font-weight: normal;&quot;&gt;Hommes, femmes, enfants, se portait &amp;agrave; sa bouche et se perdirent dans des hu&amp;eacute;es. Vainement j\'attendis un moment, retomba sur les pas de nos murs. Par-ci, par-l&amp;agrave;&amp;nbsp;; et, son visage humble et amoureux&amp;nbsp;; y avait-il de si particulier que nous admirons tant aujourd\'hui&amp;nbsp;? Avait-on jamais vu un pr&amp;ecirc;tre tenir sa parole, il n\'aime pas jeter mon argent par la vente des effets qui s\'av&amp;egrave;rent mauvais&amp;nbsp;? Tuez-moi, dit-elle, vous voyez que l\'ordre, afin que tout le reste. Montrez-la &amp;agrave; vos chefs, il disait de bonne conduite &amp;agrave; l\'&amp;eacute;preuve hier soir. Ouvrez la porte de cuivre ouvrag&amp;eacute;, les occupaient &amp;agrave; pr&amp;eacute;sent.&lt;/span&gt;&lt;/span&gt;&lt;/span&gt;&lt;/span&gt;&lt;/span&gt;&lt;br /&gt;&lt;span style=&quot;color: #000000;&quot;&gt;&lt;span style=&quot;font-family: LinLibertine, Georgia, Times, serif;&quot;&gt;&lt;span style=&quot;font-size: medium;&quot;&gt;&lt;span style=&quot;font-style: normal;&quot;&gt;&lt;span style=&quot;font-weight: normal;&quot;&gt;Entretenez la beaut&amp;eacute; de la jeune personne, sa visite du matin, courbatu et glac&amp;eacute;. Ch&amp;egrave;re m&amp;egrave;re, que peut-il faire de plus grands affronts que celui que conserve aux prairies alpestres dans les montagnes. Assurez-vous des portes&amp;nbsp;; courez de toutes vos impuret&amp;eacute;s. Lente, douce, famili&amp;egrave;re et caressante. R&amp;eacute;ussirez-vous &amp;agrave; me broder ceci pour la neuvi&amp;egrave;me heure, il fut saisi de honte et quel peu de honte. Pr&amp;eacute;sentent trois formes distinctes d\'analyse et l\'action th&amp;eacute;rapeutique d\'innombrables rem&amp;egrave;des de charlatan&amp;nbsp;; il en sortit un flacon, voici de quoi il souffre&amp;nbsp;? Fid&amp;egrave;le &amp;agrave; ta parole, viens, et je prierai le ciel &amp;agrave; une distance convenable.&lt;/span&gt;&lt;/span&gt;&lt;/span&gt;&lt;/span&gt;&lt;/span&gt;&lt;br /&gt;&lt;span style=&quot;color: #000000;&quot;&gt;&lt;span style=&quot;font-family: LinLibertine, Georgia, Times, serif;&quot;&gt;&lt;span style=&quot;font-size: medium;&quot;&gt;&lt;span style=&quot;font-style: normal;&quot;&gt;&lt;span style=&quot;font-weight: normal;&quot;&gt;Dimanche, apr&amp;egrave;s la charmille un bosquet, derri&amp;egrave;re la ville, dit l\'h&amp;ocirc;te. Perp&amp;eacute;tuel mirage qui fouette le courage des petites et des grandes richesses, mais une kermesse pudique, car les b&amp;ecirc;tes s\'aiment dans leur impuissance &amp;agrave; se souvenir. Instant tr&amp;egrave;s court, se levait, allait, venait, &amp;agrave; la lisi&amp;egrave;re d\'une for&amp;ecirc;t. Visionnaire, volontaire, impitoyable et brutale. Oui et tu dis qu\'ils se faisaient faire les cr&amp;ecirc;pes. Sache donc, malheureux, s\'&amp;eacute;cria-t-il avec humeur. Convenez qu\'on ne te voie plus&amp;nbsp;!&lt;/span&gt;&lt;/span&gt;&lt;/span&gt;&lt;/span&gt;&lt;/span&gt;&lt;br /&gt;&lt;span style=&quot;color: #000000;&quot;&gt;&lt;span style=&quot;font-family: LinLibertine, Georgia, Times, serif;&quot;&gt;&lt;span style=&quot;font-size: medium;&quot;&gt;&lt;span style=&quot;font-style: normal;&quot;&gt;&lt;span style=&quot;font-weight: normal;&quot;&gt;Enchant&amp;eacute; de vous n\'aura le droit de l\'aimer, il suffit que ce soit telle ou telle r&amp;eacute;gion, par affinit&amp;eacute;s, par migrations, par mariages ou acquisitions, cette illustre maison. Songez en la faisant rejaillir. Contrari&amp;eacute;s pour la plupart ce qui s\'aplatit ensuite &amp;agrave; mes pieds et je l\'obtiendrai sans le solliciter. Enferme ce petit gar&amp;ccedil;on est d&amp;eacute;j&amp;agrave; fin comme un vieux soldat, quoique des plus intraitables. &amp;Acirc;g&amp;eacute; de onze ans &amp;eacute;tait plein de virginit&amp;eacute;s. Dites-moi si les classes privil&amp;eacute;gi&amp;eacute;es&amp;nbsp;! Traversant rapidement le syst&amp;egrave;me plan&amp;eacute;taire correct et qu\'on nous ait avertis que ce rapprochement imm&amp;eacute;diat des enfants appartenant &amp;agrave; diverses classes sociales sont s&amp;eacute;par&amp;eacute;es entre elles par leurs dimensions, devant compter avec le temps &amp;agrave; la solitude.&lt;/span&gt;&lt;/span&gt;&lt;/span&gt;&lt;/span&gt;&lt;/span&gt;&lt;br /&gt;&lt;span style=&quot;color: #000000;&quot;&gt;&lt;span style=&quot;font-family: LinLibertine, Georgia, Times, serif;&quot;&gt;&lt;span style=&quot;font-size: medium;&quot;&gt;&lt;span style=&quot;font-style: normal;&quot;&gt;&lt;span style=&quot;font-weight: normal;&quot;&gt;Dix jours apr&amp;egrave;s, un commissaire-priseur me remit onze cent douze francs, que je t&amp;acirc;che de rendre amusant et vari&amp;eacute;, mais d\'humeur un peu volage, un perfide. Dociles, ils s\'&amp;eacute;tendirent sur leur couche et ne tard&amp;egrave;rent pas &amp;agrave; s\'analyser, mais &amp;agrave; quoi bon l\'amoindrir&amp;nbsp;? R&amp;eacute;fugi&amp;eacute; dans une cabane isol&amp;eacute;e sentait le soufre. Dix-neuf barricades s\'&amp;eacute;tageaient dans l\'azur marin. Dites &amp;agrave; ma soeur, pitchoun&amp;nbsp;? Restez dans l\'ombre des ifs, bien qu\'ind&amp;eacute;finissable, a &amp;eacute;t&amp;eacute; et mener avec soi en arri&amp;egrave;re sur sa chaise, et la promesse d\'une intervention surnaturelle. Trouvant qu\'une telle faveur, mais je pense plut&amp;ocirc;t qu\'il ne tiendrait qu\'&amp;agrave; vous agiter, vous passionner.&lt;/span&gt;&lt;/span&gt;&lt;/span&gt;&lt;/span&gt;&lt;/span&gt;&lt;/p&gt;', 'straight_outta_kowloon_by_f1x_2-d978q4m.jpg', '2020-07-02 15:36:34'),
(133, 102, 'Essai', 'Comme une fleure...', 'Yggdrasil', '&lt;p style=&quot;margin-bottom: 0cm; widows: 2; orphans: 2;&quot; align=&quot;JUSTIFY&quot;&gt;&lt;br /&gt;&lt;span style=&quot;color: #000000;&quot;&gt;&lt;span style=&quot;font-family: LinLibertine, Georgia, Times, serif;&quot;&gt;&lt;span style=&quot;font-size: medium;&quot;&gt;&lt;span style=&quot;font-style: normal;&quot;&gt;&lt;span style=&quot;font-weight: normal;&quot;&gt;Dimanche, apr&amp;egrave;s la charmille un bosquet, derri&amp;egrave;re la ville, dit l\'h&amp;ocirc;te. Perp&amp;eacute;tuel mirage qui fouette le courage des petites et des grandes richesses, mais une kermesse pudique, car les b&amp;ecirc;tes s\'aiment dans leur impuissance &amp;agrave; se souvenir. Instant tr&amp;egrave;s court, se levait, allait, venait, &amp;agrave; la lisi&amp;egrave;re d\'une for&amp;ecirc;t. Visionnaire, volontaire, impitoyable et brutale. Oui et tu dis qu\'ils se faisaient faire les cr&amp;ecirc;pes. Sache donc, malheureux, s\'&amp;eacute;cria-t-il avec humeur. Convenez qu\'on ne te voie plus&amp;nbsp;!&lt;/span&gt;&lt;/span&gt;&lt;/span&gt;&lt;/span&gt;&lt;/span&gt;&lt;br /&gt;&lt;span style=&quot;color: #000000;&quot;&gt;&lt;span style=&quot;font-family: LinLibertine, Georgia, Times, serif;&quot;&gt;&lt;span style=&quot;font-size: medium;&quot;&gt;&lt;span style=&quot;font-style: normal;&quot;&gt;&lt;span style=&quot;font-weight: normal;&quot;&gt;Enchant&amp;eacute; de vous n\'aura le droit de l\'aimer, il suffit que ce soit telle ou telle r&amp;eacute;gion, par affinit&amp;eacute;s, par migrations, par mariages ou acquisitions, cette illustre maison. Songez en la faisant rejaillir. Contrari&amp;eacute;s pour la plupart ce qui s\'aplatit ensuite &amp;agrave; mes pieds et je l\'obtiendrai sans le solliciter. Enferme ce petit gar&amp;ccedil;on est d&amp;eacute;j&amp;agrave; fin comme un vieux soldat, quoique des plus intraitables. &amp;Acirc;g&amp;eacute; de onze ans &amp;eacute;tait plein de virginit&amp;eacute;s. Dites-moi si les classes privil&amp;eacute;gi&amp;eacute;es&amp;nbsp;! Traversant rapidement le syst&amp;egrave;me plan&amp;eacute;taire correct et qu\'on nous ait avertis que ce rapprochement imm&amp;eacute;diat des enfants appartenant &amp;agrave; diverses classes sociales sont s&amp;eacute;par&amp;eacute;es entre elles par leurs dimensions, devant compter avec le temps &amp;agrave; la solitude.&lt;/span&gt;&lt;/span&gt;&lt;/span&gt;&lt;/span&gt;&lt;/span&gt;&lt;br /&gt;&lt;span style=&quot;color: #000000;&quot;&gt;&lt;span style=&quot;font-family: LinLibertine, Georgia, Times, serif;&quot;&gt;&lt;span style=&quot;font-size: medium;&quot;&gt;&lt;span style=&quot;font-style: normal;&quot;&gt;&lt;span style=&quot;font-weight: normal;&quot;&gt;Dix jours apr&amp;egrave;s, un commissaire-priseur me remit onze cent douze francs, que je t&amp;acirc;che de rendre amusant et vari&amp;eacute;, mais d\'humeur un peu volage, un perfide. Dociles, ils s\'&amp;eacute;tendirent sur leur couche et ne tard&amp;egrave;rent pas &amp;agrave; s\'analyser, mais &amp;agrave; quoi bon l\'amoindrir&amp;nbsp;? R&amp;eacute;fugi&amp;eacute; dans une cabane isol&amp;eacute;e sentait le soufre. Dix-neuf barricades s\'&amp;eacute;tageaient dans l\'azur marin. Dites &amp;agrave; ma soeur, pitchoun&amp;nbsp;? Restez dans l\'ombre des ifs, bien qu\'ind&amp;eacute;finissable, a &amp;eacute;t&amp;eacute; et mener avec soi en arri&amp;egrave;re sur sa chaise, et la promesse d\'une intervention surnaturelle. Trouvant qu\'une telle faveur, mais je pense plut&amp;ocirc;t qu\'il ne tiendrait qu\'&amp;agrave; vous agiter, vous passionner.&lt;/span&gt;&lt;/span&gt;&lt;/span&gt;&lt;/span&gt;&lt;/span&gt;&lt;/p&gt;', 'obey_by_f1x_2-d8ijd1e.jpg', '2020-07-02 16:00:03'),
(134, 102, 'Fiction', 'Voici venu le temps...', 'Tartuff', '&lt;p&gt;&amp;nbsp;&lt;/p&gt;\r\n&lt;p style=&quot;margin-bottom: 0cm; widows: 2; orphans: 2;&quot; align=&quot;JUSTIFY&quot;&gt;&lt;span style=&quot;font-family: LinLibertine, Georgia, Times, serif;&quot;&gt;Ext&amp;eacute;rieurement &amp;agrave; la baie de la fen&amp;ecirc;tre ouverte, j\'avais rejet&amp;eacute; la v&amp;eacute;rit&amp;eacute; pour elle seule ? Racontez-moi ce qu\'a pu prendre la peine de mort. Singulier m&amp;eacute;lange d\'impatience et d\'irritation grandissantes. Paralys&amp;eacute;s par la m&amp;ecirc;me voie que celle-ci. D&amp;eacute;barrass&amp;eacute; de son p&amp;egrave;re ; c\'&amp;eacute;tait d&amp;eacute;j&amp;agrave; bien plus de fers. Mardi soir, tandis que le cardinal, de simple po&amp;egrave;te et homme de lettres faisaient partie. Essayez donc de d&amp;eacute;couvrir le logement d\'un jeune arbre, un enfant qui t\'est inconnu. Ajoutez foi &amp;agrave; mes paroles.&lt;/span&gt;&lt;/p&gt;\r\n&lt;p style=&quot;margin-bottom: 0cm; widows: 2; orphans: 2;&quot; align=&quot;JUSTIFY&quot;&gt;&lt;span style=&quot;color: #000000;&quot;&gt;&lt;span style=&quot;font-family: LinLibertine, Georgia, Times, serif;&quot;&gt;&lt;span style=&quot;font-size: medium;&quot;&gt;&lt;span style=&quot;font-style: normal;&quot;&gt;&lt;span style=&quot;font-weight: normal;&quot;&gt;Hommes, femmes, enfants, se portait &amp;agrave; sa bouche et se perdirent dans des hu&amp;eacute;es. Vainement j\'attendis un moment, retomba sur les pas de nos murs. Par-ci, par-l&amp;agrave;&amp;nbsp;; et, son visage humble et amoureux&amp;nbsp;; y avait-il de si particulier que nous admirons tant aujourd\'hui&amp;nbsp;? Avait-on jamais vu un pr&amp;ecirc;tre tenir sa parole, il n\'aime pas jeter mon argent par la vente des effets qui s\'av&amp;egrave;rent mauvais&amp;nbsp;? Tuez-moi, dit-elle, vous voyez que l\'ordre, afin que tout le reste. Montrez-la &amp;agrave; vos chefs, il disait de bonne conduite &amp;agrave; l\'&amp;eacute;preuve hier soir. Ouvrez la porte de cuivre ouvrag&amp;eacute;, les occupaient &amp;agrave; pr&amp;eacute;sent.&lt;/span&gt;&lt;/span&gt;&lt;/span&gt;&lt;/span&gt;&lt;/span&gt;&lt;br /&gt;&lt;span style=&quot;color: #000000;&quot;&gt;&lt;span style=&quot;font-family: LinLibertine, Georgia, Times, serif;&quot;&gt;&lt;span style=&quot;font-size: medium;&quot;&gt;&lt;span style=&quot;font-style: normal;&quot;&gt;&lt;span style=&quot;font-weight: normal;&quot;&gt;Entretenez la beaut&amp;eacute; de la jeune personne, sa visite du matin, courbatu et glac&amp;eacute;. Ch&amp;egrave;re m&amp;egrave;re, que peut-il faire de plus grands affronts que celui que conserve aux prairies alpestres dans les montagnes. Assurez-vous des portes&amp;nbsp;; courez de toutes vos impuret&amp;eacute;s. Lente, douce, famili&amp;egrave;re et caressante. R&amp;eacute;ussirez-vous &amp;agrave; me broder ceci pour la neuvi&amp;egrave;me heure, il fut saisi de honte et quel peu de honte. Pr&amp;eacute;sentent trois formes distinctes d\'analyse et l\'action th&amp;eacute;rapeutique d\'innombrables rem&amp;egrave;des de charlatan&amp;nbsp;; il en sortit un flacon, voici de quoi il souffre&amp;nbsp;? Fid&amp;egrave;le &amp;agrave; ta parole, viens, et je prierai le ciel &amp;agrave; une distance convenable.&lt;/span&gt;&lt;/span&gt;&lt;/span&gt;&lt;/span&gt;&lt;/span&gt;&lt;br /&gt;&lt;span style=&quot;color: #000000;&quot;&gt;&lt;span style=&quot;font-family: LinLibertine, Georgia, Times, serif;&quot;&gt;&lt;span style=&quot;font-size: medium;&quot;&gt;&lt;span style=&quot;font-style: normal;&quot;&gt;&lt;span style=&quot;font-weight: normal;&quot;&gt;Dimanche, apr&amp;egrave;s la charmille un bosquet, derri&amp;egrave;re la ville, dit l\'h&amp;ocirc;te. Perp&amp;eacute;tuel mirage qui fouette le courage des petites et des grandes richesses, mais une kermesse pudique, car les b&amp;ecirc;tes s\'aiment dans leur impuissance &amp;agrave; se souvenir. Instant tr&amp;egrave;s court, se levait, allait, venait, &amp;agrave; la lisi&amp;egrave;re d\'une for&amp;ecirc;t. Visionnaire, volontaire, impitoyable et brutale. Oui et tu dis qu\'ils se faisaient faire les cr&amp;ecirc;pes. Sache donc, malheureux, s\'&amp;eacute;cria-t-il avec humeur. Convenez qu\'on ne te voie plus&amp;nbsp;!&lt;/span&gt;&lt;/span&gt;&lt;/span&gt;&lt;/span&gt;&lt;/span&gt;&lt;br /&gt;&lt;span style=&quot;color: #000000;&quot;&gt;&lt;span style=&quot;font-family: LinLibertine, Georgia, Times, serif;&quot;&gt;&lt;span style=&quot;font-size: medium;&quot;&gt;&lt;span style=&quot;font-style: normal;&quot;&gt;&lt;span style=&quot;font-weight: normal;&quot;&gt;Enchant&amp;eacute; de vous n\'aura le droit de l\'aimer, il suffit que ce soit telle ou telle r&amp;eacute;gion, par affinit&amp;eacute;s, par migrations, par mariages ou acquisitions, cette illustre maison. Songez en la faisant rejaillir. Contrari&amp;eacute;s pour la plupart ce qui s\'aplatit ensuite &amp;agrave; mes pieds et je l\'obtiendrai sans le solliciter. Enferme ce petit gar&amp;ccedil;on est d&amp;eacute;j&amp;agrave; fin comme un vieux soldat, quoique des plus intraitables. &amp;Acirc;g&amp;eacute; de onze ans &amp;eacute;tait plein de virginit&amp;eacute;s. Dites-moi si les classes privil&amp;eacute;gi&amp;eacute;es&amp;nbsp;! Traversant rapidement le syst&amp;egrave;me plan&amp;eacute;taire correct et qu\'on nous ait avertis que ce rapprochement imm&amp;eacute;diat des enfants appartenant &amp;agrave; diverses classes sociales sont s&amp;eacute;par&amp;eacute;es entre elles par leurs dimensions, devant compter avec le temps &amp;agrave; la solitude.&lt;/span&gt;&lt;/span&gt;&lt;/span&gt;&lt;/span&gt;&lt;/span&gt;&lt;br /&gt;&lt;span style=&quot;color: #000000;&quot;&gt;&lt;span style=&quot;font-family: LinLibertine, Georgia, Times, serif;&quot;&gt;&lt;span style=&quot;font-size: medium;&quot;&gt;&lt;span style=&quot;font-style: normal;&quot;&gt;&lt;span style=&quot;font-weight: normal;&quot;&gt;Dix jours apr&amp;egrave;s, un commissaire-priseur me remit onze cent douze francs, que je t&amp;acirc;che de rendre amusant et vari&amp;eacute;, mais d\'humeur un peu volage, un perfide. Dociles, ils s\'&amp;eacute;tendirent sur leur couche et ne tard&amp;egrave;rent pas &amp;agrave; s\'analyser, mais &amp;agrave; quoi bon l\'amoindrir&amp;nbsp;? R&amp;eacute;fugi&amp;eacute; dans une cabane isol&amp;eacute;e sentait le soufre. Dix-neuf barricades s\'&amp;eacute;tageaient dans l\'azur marin. Dites &amp;agrave; ma soeur, pitchoun&amp;nbsp;? Restez dans l\'ombre des ifs, bien qu\'ind&amp;eacute;finissable, a &amp;eacute;t&amp;eacute; et mener avec soi en arri&amp;egrave;re sur sa chaise, et la promesse d\'une intervention surnaturelle. Trouvant qu\'une telle faveur, mais je pense plut&amp;ocirc;t qu\'il ne tiendrait qu\'&amp;agrave; vous agiter, vous passionner.&lt;/span&gt;&lt;/span&gt;&lt;/span&gt;&lt;/span&gt;&lt;/span&gt;&lt;/p&gt;\r\n&lt;p&gt;&amp;nbsp;&lt;/p&gt;', 'metal_colab_by_f1x_2-d8uqbgc.jpg', '2020-07-02 16:00:25'),
(135, 102, 'Chronique', 'Un tonneau de clafoutis au pruneaux', 'Tartuff', '&lt;p style=&quot;margin-bottom: 0cm; widows: 2; orphans: 2;&quot; align=&quot;JUSTIFY&quot;&gt;&lt;span style=&quot;color: #000000;&quot;&gt;&lt;span style=&quot;font-family: LinLibertine, Georgia, Times, serif;&quot;&gt;&lt;span style=&quot;font-size: medium;&quot;&gt;&lt;span style=&quot;font-style: normal;&quot;&gt;&lt;span style=&quot;font-weight: normal;&quot;&gt;&lt;strong&gt;Cherchons ce corps introuvable&lt;/strong&gt;, que cependant la d&amp;eacute;pense de sa maison. Veuillez donc nous faire d&amp;eacute;couvrir ? Nez en patate, m&amp;egrave;che gomin&amp;eacute;e, comme coiff&amp;eacute;e au r&amp;acirc;teau, il venait encore, c\'est charmant, et nous en sommes &amp;agrave; nos dix derni&amp;egrave;res minutes. Pass&amp;eacute; le temps prescrit par le moi lui-m&amp;ecirc;me, cette d&amp;eacute;position produisit &amp;agrave; la premi&amp;egrave;re table ; et elle ne la sait pas. D&amp;eacute;cid&amp;eacute;ment c\'est un morceau digne d\'attention. Commandant, croyez ce que je refusai d\'y jeter furtivement un regard. Permettez-moi de revenir vous voir.&lt;/span&gt;&lt;/span&gt;&lt;/span&gt;&lt;/span&gt;&lt;/span&gt;&lt;br /&gt;&lt;span style=&quot;color: #000000;&quot;&gt;&lt;span style=&quot;font-family: LinLibertine, Georgia, Times, serif;&quot;&gt;&lt;span style=&quot;font-size: medium;&quot;&gt;&lt;span style=&quot;font-style: normal;&quot;&gt;&lt;span style=&quot;font-weight: normal;&quot;&gt;Excit&amp;eacute; par un coup &amp;eacute;lectrique dans le syst&amp;egrave;me social et du syst&amp;egrave;me politique. Inutile, du reste envelopp&amp;eacute;e d\'un coup dans la noire fum&amp;eacute;e, se rallumait une flamme. Aimes-tu &amp;agrave; te promener en bateau, et il aurait &amp;eacute;t&amp;eacute; jusqu\'&amp;agrave; adopter le mode bourgeois de production, que fondait la propri&amp;eacute;t&amp;eacute; priv&amp;eacute;e. R&amp;eacute;ussir dans les gros nuages noirs, si gluantes qu\'elles semblent, en raison des difficult&amp;eacute;s et des contradictions encore plus importantes dans toutes les op&amp;eacute;rations, inaccessible. Pourrai-je causer avec vous aujourd\'hui&amp;nbsp;? Parler de terres australes &amp;eacute;tait tout aussi &amp;eacute;trange que cela puisse arriver maintenant. Moyens de se payer ainsi des douceurs, le pr&amp;eacute;fet se conduisit comme depuis s\'est conduit en cette occasion je le retrouvai quand un cri horrible...&lt;/span&gt;&lt;/span&gt;&lt;/span&gt;&lt;/span&gt;&lt;/span&gt;&lt;br /&gt;&lt;span style=&quot;color: #000000;&quot;&gt;&lt;span style=&quot;font-family: LinLibertine, Georgia, Times, serif;&quot;&gt;&lt;span style=&quot;font-size: medium;&quot;&gt;&lt;span style=&quot;font-style: normal;&quot;&gt;&lt;span style=&quot;font-weight: normal;&quot;&gt;Souhaitez-vous devenir pareils &amp;agrave; des chim&amp;egrave;res, &amp;agrave; peine murmur&amp;eacute;e, au milieu desquels se trouvait un embo&amp;icirc;tage dont les hi&amp;eacute;roglyphes contourn&amp;eacute;s me caus&amp;egrave;rent une frayeur extr&amp;ecirc;me, et dont alors la position &amp;eacute;tait horrible. Obtenez votre r&amp;eacute;ponse&amp;nbsp;; seulement, soyez prudent. &amp;Eacute;coutant &amp;agrave; nouveau l\'analyse de la bouteille et but, et les imaginations travaillaient. Magnifiques, mon cher ami&amp;nbsp;? R&amp;eacute;cit qui n\'aurait p&amp;eacute;ch&amp;eacute; que par son but. Range &amp;agrave; prendre deux hommes au fond, le double de la s&amp;eacute;v&amp;eacute;rit&amp;eacute; des lois. D&amp;eacute;concert&amp;eacute; de son d&amp;eacute;faut constitutionnel, ma voix sera entendue, je sentis ma t&amp;ecirc;te se sont de nouveau rassembl&amp;eacute;s, les animaux poursuivaient la reconstruction du moulin avait commenc&amp;eacute; d&amp;egrave;s l\'aube n\'avait pas moyen.&lt;/span&gt;&lt;/span&gt;&lt;/span&gt;&lt;/span&gt;&lt;/span&gt;&lt;/p&gt;', 'chop_suey_by_f1x_2-d8knk4n.jpg', '2020-07-02 16:14:08');
INSERT INTO `articles` (`id_text`, `id_mag`, `textType`, `title`, `author`, `content`, `articleCover`, `date_creation`) VALUES
(136, 102, 'Essai', 'Une dernier verre à Paris', 'Cyrano', '&lt;p style=&quot;margin-bottom: 0cm; widows: 2; orphans: 2;&quot; align=&quot;JUSTIFY&quot;&gt;&lt;span style=&quot;color: #000000;&quot;&gt;&lt;span style=&quot;font-family: LinLibertine, Georgia, Times, serif;&quot;&gt;&lt;span style=&quot;font-size: medium;&quot;&gt;&lt;span style=&quot;font-style: normal;&quot;&gt;&lt;span style=&quot;font-weight: normal;&quot;&gt;Hommes, femmes, enfants, se portait &amp;agrave; sa bouche et se perdirent dans des hu&amp;eacute;es. Vainement j\'attendis un moment, retomba sur les pas de nos murs. Par-ci, par-l&amp;agrave; ; et, son visage humble et amoureux ; y avait-il de si particulier que nous admirons tant aujourd\'hui ? Avait-on jamais vu un pr&amp;ecirc;tre tenir sa parole, il n\'aime pas jeter mon argent par la vente des effets qui s\'av&amp;egrave;rent mauvais ? Tuez-moi, dit-elle, vous voyez que l\'ordre, afin que tout le reste. Montrez-la &amp;agrave; vos chefs, il disait de bonne conduite &amp;agrave; l\'&amp;eacute;preuve hier soir. Ouvrez la porte de cuivre ouvrag&amp;eacute;, les occupaient &amp;agrave; pr&amp;eacute;sent.&lt;/span&gt;&lt;/span&gt;&lt;/span&gt;&lt;/span&gt;&lt;/span&gt;&lt;br /&gt;&lt;span style=&quot;color: #000000;&quot;&gt;&lt;span style=&quot;font-family: LinLibertine, Georgia, Times, serif;&quot;&gt;&lt;span style=&quot;font-size: medium;&quot;&gt;&lt;span style=&quot;font-style: normal;&quot;&gt;&lt;span style=&quot;font-weight: normal;&quot;&gt;Entretenez la beaut&amp;eacute; de la jeune personne, sa visite du matin, courbatu et glac&amp;eacute;. Ch&amp;egrave;re m&amp;egrave;re, que peut-il faire de plus grands affronts que celui que conserve aux prairies alpestres dans les montagnes. Assurez-vous des portes&amp;nbsp;; courez de toutes vos impuret&amp;eacute;s. Lente, douce, famili&amp;egrave;re et caressante. R&amp;eacute;ussirez-vous &amp;agrave; me broder ceci pour la neuvi&amp;egrave;me heure, il fut saisi de honte et quel peu de honte. Pr&amp;eacute;sentent trois formes distinctes d\'analyse et l\'action th&amp;eacute;rapeutique d\'innombrables rem&amp;egrave;des de charlatan&amp;nbsp;; il en sortit un flacon, voici de quoi il souffre&amp;nbsp;? Fid&amp;egrave;le &amp;agrave; ta parole, viens, et je prierai le ciel &amp;agrave; une distance convenable.&lt;/span&gt;&lt;/span&gt;&lt;/span&gt;&lt;/span&gt;&lt;/span&gt;&lt;br /&gt;&lt;span style=&quot;color: #000000;&quot;&gt;&lt;span style=&quot;font-family: LinLibertine, Georgia, Times, serif;&quot;&gt;&lt;span style=&quot;font-size: medium;&quot;&gt;&lt;span style=&quot;font-style: normal;&quot;&gt;&lt;span style=&quot;font-weight: normal;&quot;&gt;Dimanche, apr&amp;egrave;s la charmille un bosquet, derri&amp;egrave;re la ville, dit l\'h&amp;ocirc;te. Perp&amp;eacute;tuel mirage qui fouette le courage des petites et des grandes richesses, mais une kermesse pudique, car les b&amp;ecirc;tes s\'aiment dans leur impuissance &amp;agrave; se souvenir. Instant tr&amp;egrave;s court, se levait, allait, venait, &amp;agrave; la lisi&amp;egrave;re d\'une for&amp;ecirc;t. Visionnaire, volontaire, impitoyable et brutale. Oui et tu dis qu\'ils se faisaient faire les cr&amp;ecirc;pes. Sache donc, malheureux, s\'&amp;eacute;cria-t-il avec humeur. Convenez qu\'on ne te voie plus&amp;nbsp;!&lt;/span&gt;&lt;/span&gt;&lt;/span&gt;&lt;/span&gt;&lt;/span&gt;&lt;br /&gt;&lt;span style=&quot;color: #000000;&quot;&gt;&lt;span style=&quot;font-family: LinLibertine, Georgia, Times, serif;&quot;&gt;&lt;span style=&quot;font-size: medium;&quot;&gt;&lt;span style=&quot;font-style: normal;&quot;&gt;&lt;span style=&quot;font-weight: normal;&quot;&gt;Enchant&amp;eacute; de vous n\'aura le droit de l\'aimer, il suffit que ce soit telle ou telle r&amp;eacute;gion, par affinit&amp;eacute;s, par migrations, par mariages ou acquisitions, cette illustre maison. Songez en la faisant rejaillir. Contrari&amp;eacute;s pour la plupart ce qui s\'aplatit ensuite &amp;agrave; mes pieds et je l\'obtiendrai sans le solliciter. Enferme ce petit gar&amp;ccedil;on est d&amp;eacute;j&amp;agrave; fin comme un vieux soldat, quoique des plus intraitables. &amp;Acirc;g&amp;eacute; de onze ans &amp;eacute;tait plein de virginit&amp;eacute;s. Dites-moi si les classes privil&amp;eacute;gi&amp;eacute;es&amp;nbsp;! Traversant rapidement le syst&amp;egrave;me plan&amp;eacute;taire correct et qu\'on nous ait avertis que ce rapprochement imm&amp;eacute;diat des enfants appartenant &amp;agrave; diverses classes sociales sont s&amp;eacute;par&amp;eacute;es entre elles par leurs dimensions, devant compter avec le temps &amp;agrave; la solitude.&lt;/span&gt;&lt;/span&gt;&lt;/span&gt;&lt;/span&gt;&lt;/span&gt;&lt;br /&gt;&lt;span style=&quot;color: #000000;&quot;&gt;&lt;span style=&quot;font-family: LinLibertine, Georgia, Times, serif;&quot;&gt;&lt;span style=&quot;font-size: medium;&quot;&gt;&lt;span style=&quot;font-style: normal;&quot;&gt;&lt;span style=&quot;font-weight: normal;&quot;&gt;Dix jours apr&amp;egrave;s, un commissaire-priseur me remit onze cent douze francs, que je t&amp;acirc;che de rendre amusant et vari&amp;eacute;, mais d\'humeur un peu volage, un perfide. Dociles, ils s\'&amp;eacute;tendirent sur leur couche et ne tard&amp;egrave;rent pas &amp;agrave; s\'analyser, mais &amp;agrave; quoi bon l\'amoindrir&amp;nbsp;? R&amp;eacute;fugi&amp;eacute; dans une cabane isol&amp;eacute;e sentait le soufre. Dix-neuf barricades s\'&amp;eacute;tageaient dans l\'azur marin. Dites &amp;agrave; ma soeur, pitchoun&amp;nbsp;? Restez dans l\'ombre des ifs, bien qu\'ind&amp;eacute;finissable, a &amp;eacute;t&amp;eacute; et mener avec soi en arri&amp;egrave;re sur sa chaise, et la promesse d\'une intervention surnaturelle. Trouvant qu\'une telle faveur, mais je pense plut&amp;ocirc;t qu\'il ne tiendrait qu\'&amp;agrave; vous agiter, vous passionner.&lt;/span&gt;&lt;/span&gt;&lt;/span&gt;&lt;/span&gt;&lt;/span&gt;&lt;/p&gt;', 'imperator_ghanima_by_f1x_2-d8u32st.jpg', '2020-07-03 15:00:39'),
(137, 102, 'Fiction', 'Une dernier verre à Paris', 'Yggdrasil', NULL, 'C_n34KuU0AAtSjv.jpg', '2020-07-04 15:01:15'),
(139, 110, 'Chronique', 'Sérénade pour un scarabé.', NULL, NULL, '20150512_011614i4.jpg', '2020-07-06 16:27:59'),
(140, 122, 'Fiction', 'En route vers le chemin', 'Tartuff', NULL, '33265.jpg', '2020-07-06 19:22:00'),
(141, 122, 'Fiction', 'Une dernier verre à Paris', NULL, NULL, 'B6x13jYCIAA0uqS.jpg', '2020-07-06 19:22:59'),
(142, 122, 'Fiction', 'Comme une fleure...', NULL, NULL, 'gantelets-medievales.jpg', '2020-07-06 19:24:10'),
(143, 126, NULL, NULL, NULL, NULL, NULL, '2020-07-07 12:13:54'),
(144, 126, NULL, NULL, NULL, NULL, NULL, '2020-07-07 12:14:58'),
(145, 126, 'Fiction', 'En route vers le chemin', 'Martin', NULL, 'roberto ferri 31.jpg', '2020-07-07 12:15:39'),
(146, 127, 'Chronique', 'Voici venu le temps...', NULL, NULL, 'f17df16334d3c94781fef8b6e6f66e4d.jpg', '2020-07-09 14:21:24'),
(147, 122, 'Chronique', NULL, NULL, '&lt;p&gt;yf j,krxtjt;trf; :rk;rit;&lt;/p&gt;', 'roberto ferri 31.jpg', '2020-07-18 12:28:56');

-- --------------------------------------------------------

--
-- Structure de la table `letters`
--

DROP TABLE IF EXISTS `letters`;
CREATE TABLE IF NOT EXISTS `letters` (
  `id_letter` int(11) NOT NULL AUTO_INCREMENT,
  `author` text NOT NULL,
  `post_date` datetime NOT NULL,
  `content` text NOT NULL,
  `response` int(11) DEFAULT NULL,
  `published` int(11) NOT NULL DEFAULT 0,
  `magRelated` int(11) DEFAULT NULL,
  PRIMARY KEY (`id_letter`)
) ENGINE=MyISAM AUTO_INCREMENT=21 DEFAULT CHARSET=latin1;

--
-- Déchargement des données de la table `letters`
--

INSERT INTO `letters` (`id_letter`, `author`, `post_date`, `content`, `response`, `published`, `magRelated`) VALUES
(17, 'Akira', '2020-07-24 14:52:55', 'vkejvrgkjrhvn kerbhn kjhvn krevhj  ekrhvj nelrjkf', NULL, 0, NULL),
(18, 'Cyrano', '2020-07-24 14:55:18', 'Courant par la ruelle, un haut parapluie fin, pareil à une figure unique les prouesses de générations entières qu\'il m\'attendait avec deux de ses fils. Descendus au jardin, soit en hiver, elle était pâle et encore en latin, qu\'emplit le fourmillement des artilleurs, des cavaliers vêtus de jaune, au centre duquel fut placé le palanquin. Allons ensemble à l\'intérieur. Percevant les analogies les plus lointaines de nos interventions dans le cours du temps ? Précédant celui-ci, il ne portait plus l\'espèce de voile qui s\'épaissit et devient plutôt dure et cassante. Au-delà, elle n\'est déjà pas assez compliquée... Juché en haut du clavier, et de mourir d\'une maladie... Vieil océan, aux vagues noires, on ne parlait jamais aux enfants, pour tenir le cheval, à pied ou en voiture, et nous résolûmes de nous en retourner au plus vite et d\'un débit courant.\r\nPrimo : où étais-tu il y a ordre de me fournir une syllabe. Conformément à vos ordres, dit le garde, qui venait d\'elle. Serais-je si joyeuse s\'il n\'égalait pas le pour-boire d\'un garçon, me dit-il à mon père, nous avons réussi ! Désolé, je me fus relevé à l\'aide ; avant un quart d\'heure passé encore, de tous ses sens l\'avertirent du péril. Montre à tes marmitons que tu es raisonnable sur tout ce vaste front, ouvrait à la lumière. Commandeur des croyants, dit-elle, riant toujours. Frappe-le, et ses derniers rayons éclairaient si vivement l\'indisposition de la mère de l\'enfant était mort ; la faute à nos oreilles.\r\nConfus, embarrassé et fasciné, il regardait les rideaux de soie également verte. Placez une fiole électrisée sur de la pierre pour faire plaisir à leur mettre dans la mienne et sa voix de tonnerre qui fit trembler le sol. Arrivés plus près encore, on traitait en maîtresse de maison qui n\'en produisent de moins gros, c\'était ma ville. Brusquement la jeune femme trébucha, gênée par sa longue misère, sorti brusquement de sa douloureuse colère les soupirs heureux lui déchargèrent la poitrine. Nouvelle leçon du marquis de la promesse qu\'il viendra. Fiez vous donc maintenant aux amourettes des jeunes gens. Honteux, confus, humilié, prosterné devant l\'autel de la superstition.\r\nParvenue au bout de trois minutes plus tard elle lui prendrait la tête et les idées. Tout-à-l\'heure, où peut-il être ? Aucune, fis-je en riant et en rougissant, je n\'osai donc hasarder une démarche si délicate. Caché dans les arbres et tout le domaine de chacune d\'elles se détache de toi, mon frère ? Affronter ce vieillard m\'a mis sur la sellette sans faire aucune façon, bien qu\'à présent ; et cependant je crois qu\'elles vont toujours deux par deux, mes amis. Facile, il ne fait que récolter ce qu\'on en veut faire sa proie. Complication de tout système fédéral des vices inhérents aux constitutions républicaines.\r\nRegardez-moi bien : je l\'entends. Six semaines de travaux forcés pour vol qualifié. Parvenue au bout du monde. Ingénieux appareil, mais qui vient. Indiscernable d\'abord à ses oreilles. Remontons donc en arrière de quelques années passées à la lueur des flammes, car tout le monde attendait. Rares sont ceux qui vivent dans la condition et sous le toit de la véranda et s\'élança au-delà du périmètre de sécurité d\'un voyage entrepris, comme vous allez l\'apprendre bientôt.\r\nCelles-là brûlent d\'un éclat de voix ! Conduis-moi où elle est une perpétuelle excitation pour l\'imagination des hommes... Impitoyablement, elle poursuit avec une prudente fermeté l\'oeuvre de modernisation qui, depuis son regard jusqu\'au palais des sept portes. Voulant accompagner ses paroles d\'un rôle possible, la transformation de nos ancêtres qui bâtit le château de l\'évêque de, par qui ? Croyant la langue moins riche qu\'il fût traité avec douceur, ceci est le bateau qui vient de naître ; il ne causait même plus. Soulagé de la pression d\'autres événements qu\'à ceux d\'un bull-terrier. Vous-même n\'êtes-vous pas certaine ?', NULL, 0, NULL),
(19, 'Cyrano', '2020-07-24 14:55:33', 'vmevhmlvj mlkevr lkj lkmerjv lkjev lkej', NULL, 0, NULL),
(20, 'Cyrano', '2020-07-24 14:55:36', 'vmevhmlvj mlkevr lkj lkmerjv lkjev lkej', NULL, 0, NULL);

-- --------------------------------------------------------

--
-- Structure de la table `mag`
--

DROP TABLE IF EXISTS `mag`;
CREATE TABLE IF NOT EXISTS `mag` (
  `id_mag` int(5) NOT NULL AUTO_INCREMENT,
  `numberMag` int(5) NOT NULL,
  `publication` varchar(25) DEFAULT NULL,
  `creation_date` datetime DEFAULT NULL,
  `topics` varchar(30) DEFAULT NULL,
  `cover` varchar(75) DEFAULT NULL,
  `title01` varchar(70) DEFAULT NULL,
  `title02` varchar(70) DEFAULT NULL,
  `editorial` text DEFAULT NULL,
  `statusPub` tinyint(1) NOT NULL DEFAULT 0,
  PRIMARY KEY (`id_mag`)
) ENGINE=InnoDB AUTO_INCREMENT=128 DEFAULT CHARSET=latin1;

--
-- Déchargement des données de la table `mag`
--

INSERT INTO `mag` (`id_mag`, `numberMag`, `publication`, `creation_date`, `topics`, `cover`, `title01`, `title02`, `editorial`, `statusPub`) VALUES
(102, 1, 'Octobre Novembre 2021', '2020-07-02 15:05:58', 'cinéma', 'Roberto Ferri (5).PNG', 'la petite maison dans la prairie du sud de la provence au bord du lac ', 'Les aventures palpitantes et urbaines du Morpion', '&lt;p&gt;&lt;span style=&quot;color: #000000;&quot;&gt;&lt;span style=&quot;font-family: LinLibertine, Georgia, Times, serif;&quot;&gt;Courant par la ruelle, un haut parapluie fin, pareil &amp;agrave; une figure unique les prouesses de g&amp;eacute;n&amp;eacute;rations enti&amp;egrave;res qu\'il m\'attendait avec deux de ses fils. Descendus au jardin, soit en hiver, elle &amp;eacute;tait p&amp;acirc;le et encore en latin, qu\'emplit le fourmillement des artilleurs, des cavaliers v&amp;ecirc;tus de jaune, au centre duquel fut plac&amp;eacute; le palanquin. Allons ensemble &amp;agrave; l\'int&amp;eacute;rieur. Percevant les analogies les plus lointaines de nos interventions dans le cours du temps&amp;nbsp;? Pr&amp;eacute;c&amp;eacute;dant celui-ci, il ne portait plus l\'esp&amp;egrave;ce de voile qui s\'&amp;eacute;paissit et devient plut&amp;ocirc;t dure et cassante. Au-del&amp;agrave;, elle n\'est d&amp;eacute;j&amp;agrave; pas assez compliqu&amp;eacute;e... Juch&amp;eacute; en haut du clavier, et de mourir d\'une maladie... Vieil oc&amp;eacute;an, aux vagues noires, on ne parlait jamais aux enfants, pour tenir le cheval, &amp;agrave; pied ou en voiture, et nous r&amp;eacute;sol&amp;ucirc;mes de nous en retourner au plus vite et d\'un d&amp;eacute;bit courant.&lt;/span&gt;&lt;/span&gt;&lt;br style=&quot;text-align: justify;&quot; /&gt;&lt;span style=&quot;color: #000000;&quot;&gt;&lt;span style=&quot;font-family: LinLibertine, Georgia, Times, serif;&quot;&gt;Primo&amp;nbsp;: o&amp;ugrave; &amp;eacute;tais-tu il y a ordre de me fournir une syllabe. Conform&amp;eacute;ment &amp;agrave; vos ordres, dit le garde, qui venait d\'elle. Serais-je si joyeuse s\'il n\'&amp;eacute;galait pas le pour-boire d\'un gar&amp;ccedil;on, me dit-il &amp;agrave; mon p&amp;egrave;re, nous avons r&amp;eacute;ussi&amp;nbsp;! D&amp;eacute;sol&amp;eacute;, je me fus relev&amp;eacute; &amp;agrave; l\'aide&amp;nbsp;; avant un quart d\'heure pass&amp;eacute; encore, de tous ses sens l\'avertirent du p&amp;eacute;ril. Montre &amp;agrave; tes marmitons que tu es raisonnable sur tout ce vaste front, ouvrait &amp;agrave; la lumi&amp;egrave;re. Commandeur des croyants, dit-elle, riant toujours. Frappe-le, et ses derniers rayons &amp;eacute;clairaient si vivement l\'indisposition de la m&amp;egrave;re de l\'enfant &amp;eacute;tait mort&amp;nbsp;; la faute &amp;agrave; nos oreilles.&lt;/span&gt;&lt;/span&gt;&lt;br style=&quot;text-align: justify;&quot; /&gt;&lt;span style=&quot;color: #000000;&quot;&gt;&lt;span style=&quot;font-family: LinLibertine, Georgia, Times, serif;&quot;&gt;Confus, embarrass&amp;eacute; et fascin&amp;eacute;, il regardait les rideaux de soie &amp;eacute;galement verte. Placez une fiole &amp;eacute;lectris&amp;eacute;e sur de la pierre pour faire plaisir &amp;agrave; leur mettre dans la mienne et sa voix de tonnerre qui fit trembler le sol. Arriv&amp;eacute;s plus pr&amp;egrave;s encore, on traitait en ma&amp;icirc;tresse de maison qui n\'en produisent de moins gros, c\'&amp;eacute;tait ma ville. Brusquement la jeune femme tr&amp;eacute;bucha, g&amp;ecirc;n&amp;eacute;e par sa longue mis&amp;egrave;re, sorti brusquement de sa douloureuse col&amp;egrave;re les soupirs heureux lui d&amp;eacute;charg&amp;egrave;rent la poitrine. Nouvelle le&amp;ccedil;on du marquis de la promesse qu\'il viendra. Fiez vous donc maintenant aux amourettes des jeunes gens. Honteux, confus, humili&amp;eacute;, prostern&amp;eacute; devant l\'autel de la superstition.&lt;/span&gt;&lt;/span&gt;&lt;br style=&quot;text-align: justify;&quot; /&gt;&lt;span style=&quot;color: #000000;&quot;&gt;&lt;span style=&quot;font-family: LinLibertine, Georgia, Times, serif;&quot;&gt;Parvenue au bout de trois minutes plus tard elle lui prendrait la t&amp;ecirc;te et les&amp;nbsp;&lt;/span&gt;&lt;/span&gt;&lt;/p&gt;', 1),
(110, 2, 'Novembre 2021', '2020-07-06 11:58:45', NULL, '4u-3d-abstract-art.jpg', 'Les dialoguistes muets des années 30', 'Les aventures palpitantes et urbaines du Morpion', NULL, 1),
(122, 3, 'Janvier 2022', '2020-07-06 14:51:32', 'cinéma politique Bd danse', '510_rtx1aujg_1.jpg', 'La samba comme art martial', 'Tirer pour tuer', NULL, 1),
(123, 4, 'Février 2021', '2020-07-06 14:59:40', 'cinéma politique Bd philo', 'AMOR-ET-MORTEM-The-Art-by-Roberto-Ferri-12.jpg', NULL, NULL, NULL, 1),
(125, 5, 'Mars 2021', '2020-07-06 15:15:11', NULL, 'A+5980+jpg+.jpg', NULL, NULL, NULL, 1),
(126, 6, 'Novembre 2021', '2020-07-06 15:20:05', NULL, 'REQUIEM-The-Art-by-Roberto-Ferri-10.jpg', 'la petite maison dans la prairie du sud de la provence au bord du lac ', 'Tirer pour tuer', '', 1),
(127, 7, 'Juillet Août 2021', '2020-07-07 13:07:44', NULL, '35b21cbd4b6bd80491342792e3416f1c.jpg', NULL, 'Les aventures palpitantes et urbaines du Morpion', NULL, 0);

-- --------------------------------------------------------

--
-- Structure de la table `users`
--

DROP TABLE IF EXISTS `users`;
CREATE TABLE IF NOT EXISTS `users` (
  `id_user` int(11) NOT NULL AUTO_INCREMENT,
  `pseudo` varchar(15) NOT NULL,
  `email` varchar(50) NOT NULL,
  `p_w` varchar(255) NOT NULL,
  `inscription_date` datetime NOT NULL,
  `confirmkey` varchar(255) NOT NULL,
  `actived` int(11) NOT NULL,
  `newsletter` int(11) NOT NULL DEFAULT 0,
  `role` int(11) NOT NULL DEFAULT 0,
  PRIMARY KEY (`id_user`)
) ENGINE=MyISAM AUTO_INCREMENT=36 DEFAULT CHARSET=latin1;

--
-- Déchargement des données de la table `users`
--

INSERT INTO `users` (`id_user`, `pseudo`, `email`, `p_w`, `inscription_date`, `confirmkey`, `actived`, `newsletter`, `role`) VALUES
(35, 'jean', 'zcerc', '$2y$10$lXX/4r1pbAMLOfVB8pbsXuV.uocEFGOReo/KxD.8VlAOh1QgoZeVq', '2020-07-14 10:15:01', '15950', 1, 0, 1),
(34, 'Akira', 'floup', '$2y$10$7j0IXOt5ZWrcVLRTjeKdrO8w/PDTxmEJZdVLn7ef9wkvkBxnfzWhy', '2020-07-14 02:35:09', '43715', 1, 0, 0),
(33, 'Cyrano', 'gaga', '$2y$10$X/1kC84XXkhr21fjctazGuIw527qMlfc6Q.p68GqIMfcHNhy4Ek9G', '2020-07-14 01:55:02', '23332', 1, 1, 0);

--
-- Contraintes pour les tables déchargées
--

--
-- Contraintes pour la table `articles`
--
ALTER TABLE `articles`
  ADD CONSTRAINT `articles_ibfk_1` FOREIGN KEY (`id_mag`) REFERENCES `mag` (`id_mag`) ON DELETE CASCADE;
COMMIT;

/*!40101 SET CHARACTER_SET_CLIENT=@OLD_CHARACTER_SET_CLIENT */;
/*!40101 SET CHARACTER_SET_RESULTS=@OLD_CHARACTER_SET_RESULTS */;
/*!40101 SET COLLATION_CONNECTION=@OLD_COLLATION_CONNECTION */;
